<?xml version="1.0" encoding="utf-8"?>
<grammar>

  <action name="top">
    <one-of>
      <item>main menu</item>
      <item>top</item>
      <item>beginning</item>
      <item>cancel</item>
      <item>forget it</item>
      <item>never mind</item>
      <item>abort</item>
    </one-of>
  </action>

  <action name="up">
    <one-of>
      <item>up</item>
      <item>back</item>
      <item>go back</item>
    </one-of>
  </action>

  <!-- <action name="get_the_temperature">
    <one-of>
      <item>What is the temperature</item>
      <item>How much is the temperature</item>
    </one-of>
  </action> -->

  <individual name="city_damascus">Damascus</individual>
  <individual name="city_hannover">Hannover</individual>
  <individual name="city_venice">Venice</individual>
  <individual name="city_santorini">Santorini</individual>
  <individual name="city_latakia">Latakia</individual>
  <individual name="city_riyadh">Riyadh</individual>
  <individual name="city_london">London</individual>


  <individual name="country_syria">Syria</individual>
  <individual name="country_germany">Germany</individual>
  <individual name="country_italy">Italy</individual>
  <individual name="country_greece">Greece</individual>
  <individual name="country_ksa">Saudi Arabia</individual>
  <individual name="country_uk">
    <one-of>
      <item>United Kingdom</item>
      <item>UK</item>
    </one-of>
  </individual>


  <individual name="metric">
    <one-of>
      <item>metric</item>
      <item>celsius</item>
    </one-of>
  </individual>
  <individual name="imperial">
    <one-of>
      <item>imperial</item>
      <item>farenheit</item>
    </one-of>
  </individual>
  <individual name="standard">
    <one-of>
      <item>standard</item>
      <item>kelvin</item>
    </one-of>
  </individual>


  <answer speaker="system" predicate="current_temperature">
    The temperature is <slot predicate="current_temperature" /> degrees
  </answer>

  <answer speaker="system" predicate="current_weather">
    The weather is <slot predicate="current_weather" />
  </answer>

  <question speaker="all" predicate="current_temperature">the temperature</question>
  <question speaker="all" predicate="current_weather">the weather</question>

  <question speaker="user" predicate="current_temperature" type="wh_question">
    <one-of>
      <item>What is the temperature</item>
      <item>How much is the temperature</item>
      <item>fetch me the temperature</item>
      <item>How much is temperature in <slot predicate="selected_city"/>, <slot predicate="selected_country"/>? </item>
      <item>get the temperature</item>
      <item>I want to know the temperature</item>
      <item>Do you happen to know the temperature in <slot predicate="selected_city" />, <slot predicate="selected_country" />?</item>
      <item>Do you happen to know the temperature?</item>
      <item>fetch the temperature in <slot predicate="selected_city"/>, <slot predicate="selected_country"/> for me</item>
    </one-of>
  </question>

  <question speaker="user" predicate="current_weather" type="wh_question">
    <one-of>
      <item>decribe the weather</item>
      <item>Do you happen to know the weather in <slot predicate="selected_city"/>, <slot predicate="selected_country"/>? </item>
      <item>How would you describe the weather in <slot predicate="selected_city"/>, <slot predicate="selected_country"/>? </item>
      <item>How is the weather</item>
      <item>How cold is the weather</item>
      <item>How hot is it in <slot predicate="selected_city"/>, <slot predicate="selected_country"/>? </item>
      <item>fetch the weather in <slot predicate="selected_city"/>, <slot predicate="selected_country"/> </item>
      <item>I would like to know about the weather</item>
    </one-of>
  </question>

</grammar>
