<?xml version="1.0" encoding="utf-8"?>
<domain name="WeatherAppDomain" is_super_domain="true">

  <goal type="perform" action="top">
    <plan>
      <forget_all />
      <findout type="alt_question">
        <alt>
          <resolve type="wh_question" predicate="current_temperature" />
        </alt>
        <alt>
          <resolve type="wh_question" predicate="current_weather" />
        </alt>
      </findout>
    </plan>
  </goal>

  <goal type="resolve" question_type="wh_question" predicate="current_temperature">
    <plan>
      <findout type="wh_question" predicate="selected_city" />
      <findout type="wh_question" predicate="selected_country" />
      <bind type="wh_question" predicate="preferred_unit" />
      <invoke_service_query predicate="current_temperature" type="wh_question" />
      <!-- <forget predicate="phone_type" /> -->
    </plan>
  </goal>

  <goal type="resolve" question_type="wh_question" predicate="current_weather">
    <plan>
      <findout type="wh_question" predicate="selected_city" />
      <findout type="wh_question" predicate="selected_country" />
      <invoke_service_query predicate="current_weather" type="wh_question" />
      <!-- <forget predicate="phone_type" /> -->
    </plan>
  </goal>
</domain>
